term,Coef.,Std.Err.,z,P>|z|,[0.025,0.975],pressure_column
Intercept,29.904618320228632,30015.747867906815,0.000996297625227689,0.9992050696383754,-58799.880171812045,58859.689408452505,pressure_true
C(persona_name)[T.neutral],-22.06621944787516,27060.53891161438,-0.0008154390243279427,0.9993493738643172,-53059.747888456775,53015.61544956103,pressure_true
C(persona_name)[T.risk_seeking],-0.019018526494726438,36135.60630054053,-5.263098766504424e-07,0.9999995800654752,-70824.50592710459,70824.4678900516,pressure_true
pressure_true,0.004029448146729938,4677.882168726829,8.613829937120082e-07,0.9999993127158083,-9168.476545178559,9168.48460407485,pressure_true
selector_capability,-67.39786583685365,41847.33759863974,-0.0016105652044885275,0.9987149554447229,-82086.67240805962,81951.8766763859,pressure_true
